{
    "loss": 0.6166008710861206,
    "accuracy": 0.7413793206214905
}